"Source:","/home/victor/esp/APPS/hardware/Testapparaat_input/Testapparaat_input.kicad_sch"
"Date:","wo 19 okt 2022 13:24:39 CEST"
"Tool:","Eeschema (6.0.7)"
"Generator:","/usr/share/kicad/plugins/bom_csv_grouped_by_value.py"
"Component Count:","34"

"Individual Components:"

"Item","Qty","Reference(s)","Value","LibPart","Footprint","Datasheet"
"","","C1","1u","Device:C","Capacitor_SMD:C_0603_1608Metric_Pad1.08x0.95mm_HandSolder","~"
"","","C2","1u","Device:C","Capacitor_SMD:C_0603_1608Metric_Pad1.08x0.95mm_HandSolder","~"
"","","C3","1u","Device:C","Capacitor_SMD:C_0603_1608Metric_Pad1.08x0.95mm_HandSolder","~"
"","","C4","1u","Device:C","Capacitor_SMD:C_0603_1608Metric_Pad1.08x0.95mm_HandSolder","~"
"","","C5","1u","Device:C","Capacitor_SMD:C_0603_1608Metric_Pad1.08x0.95mm_HandSolder","~"
"","","C6","1u","Device:C","Capacitor_SMD:C_0603_1608Metric_Pad1.08x0.95mm_HandSolder","~"
"","","C7","1u","Device:C","Capacitor_SMD:C_0603_1608Metric_Pad1.08x0.95mm_HandSolder","~"
"","","D1","1N4448","Diode:1N4448","Diode_THT:D_DO-35_SOD27_P7.62mm_Horizontal","https://assets.nexperia.com/documents/data-sheet/1N4148_1N4448.pdf"
"","","D2","1N4448","Diode:1N4448","Diode_THT:D_DO-35_SOD27_P7.62mm_Horizontal","https://assets.nexperia.com/documents/data-sheet/1N4148_1N4448.pdf"
"","","D3","1N4448","Diode:1N4448","Diode_THT:D_DO-35_SOD27_P7.62mm_Horizontal","https://assets.nexperia.com/documents/data-sheet/1N4148_1N4448.pdf"
"","","D4","1N4448","Diode:1N4448","Diode_THT:D_DO-35_SOD27_P7.62mm_Horizontal","https://assets.nexperia.com/documents/data-sheet/1N4148_1N4448.pdf"
"","","D5","1N4448","Diode:1N4448","Diode_THT:D_DO-35_SOD27_P7.62mm_Horizontal","https://assets.nexperia.com/documents/data-sheet/1N4148_1N4448.pdf"
"","","D6","1N4448","Diode:1N4448","Diode_THT:D_DO-35_SOD27_P7.62mm_Horizontal","https://assets.nexperia.com/documents/data-sheet/1N4148_1N4448.pdf"
"","","D7","1N4448","Diode:1N4448","Diode_THT:D_DO-35_SOD27_P7.62mm_Horizontal","https://assets.nexperia.com/documents/data-sheet/1N4148_1N4448.pdf"
"","","R1","10k","Device:R","Resistor_SMD:R_0603_1608Metric_Pad0.98x0.95mm_HandSolder","~"
"","","R2","10k","Device:R","Resistor_SMD:R_0603_1608Metric_Pad0.98x0.95mm_HandSolder","~"
"","","R3","10k","Device:R","Resistor_SMD:R_0603_1608Metric_Pad0.98x0.95mm_HandSolder","~"
"","","R4","10k","Device:R","Resistor_SMD:R_0603_1608Metric_Pad0.98x0.95mm_HandSolder","~"
"","","R5","10k","Device:R","Resistor_SMD:R_0603_1608Metric_Pad0.98x0.95mm_HandSolder","~"
"","","R6","10k","Device:R","Resistor_SMD:R_0603_1608Metric_Pad0.98x0.95mm_HandSolder","~"
"","","R7","10k","Device:R","Resistor_SMD:R_0603_1608Metric_Pad0.98x0.95mm_HandSolder","~"
"","","R8","10k","Device:R","Resistor_SMD:R_0603_1608Metric_Pad0.98x0.95mm_HandSolder","~"
"","","R9","10k","Device:R","Resistor_SMD:R_0603_1608Metric_Pad0.98x0.95mm_HandSolder","~"
"","","R10","10k","Device:R","Resistor_SMD:R_0603_1608Metric_Pad0.98x0.95mm_HandSolder","~"
"","","R11","10k","Device:R","Resistor_SMD:R_0603_1608Metric_Pad0.98x0.95mm_HandSolder","~"
"","","R12","10k","Device:R","Resistor_SMD:R_0603_1608Metric_Pad0.98x0.95mm_HandSolder","~"
"","","R13","10k","Device:R","Resistor_SMD:R_0603_1608Metric_Pad0.98x0.95mm_HandSolder","~"
"","","R14","10k","Device:R","Resistor_SMD:R_0603_1608Metric_Pad0.98x0.95mm_HandSolder","~"
"","","SW1","Menu","Switch:SW_Push","Button_Switch_SMD:SW_SPST_B3S-1000","~"
"","","SW2","Back","Switch:SW_Push","Button_Switch_SMD:SW_SPST_B3S-1000","~"
"","","SW3","RotaryEncoder_Switch","Device:RotaryEncoder_Switch","Rotary_Encoder:RotaryEncoder_Alps_EC11E-Switch_Vertical_H20mm_CircularMountingHoles","~"
"","","SW4","START","Switch:SW_Push","Button_Switch_SMD:SW_SPST_B3S-1000","~"
"","","SW5","STOP","Switch:SW_Push","Button_Switch_SMD:SW_SPST_B3S-1000","~"
"","","U1","74AUC1G74","74xGxx:74AUC1G74","Package_SO:VSSOP-8_2.3x2mm_P0.5mm","http://www.ti.com/lit/sg/scyt129e/scyt129e.pdf"



"Collated Components:"

"Item","Qty","Reference(s)","Value","LibPart","Footprint","Datasheet"
"1","7","C1, C2, C3, C4, C5, C6, C7","1u","Device:C","Capacitor_SMD:C_0603_1608Metric_Pad1.08x0.95mm_HandSolder","~"
"2","7","D1, D2, D3, D4, D5, D6, D7","1N4448","Diode:1N4448","Diode_THT:D_DO-35_SOD27_P7.62mm_Horizontal","https://assets.nexperia.com/documents/data-sheet/1N4148_1N4448.pdf"
"3","14","R1, R2, R3, R4, R5, R6, R7, R8, R9, R10, R11, R12, R13, R14","10k","Device:R","Resistor_SMD:R_0603_1608Metric_Pad0.98x0.95mm_HandSolder","~"
"4","1","SW1","Menu","Switch:SW_Push","Button_Switch_SMD:SW_SPST_B3S-1000","~"
"5","1","SW2","Back","Switch:SW_Push","Button_Switch_SMD:SW_SPST_B3S-1000","~"
"6","1","SW3","RotaryEncoder_Switch","Device:RotaryEncoder_Switch","Rotary_Encoder:RotaryEncoder_Alps_EC11E-Switch_Vertical_H20mm_CircularMountingHoles","~"
"7","1","SW4","START","Switch:SW_Push","Button_Switch_SMD:SW_SPST_B3S-1000","~"
"8","1","SW5","STOP","Switch:SW_Push","Button_Switch_SMD:SW_SPST_B3S-1000","~"
"9","1","U1","74AUC1G74","74xGxx:74AUC1G74","Package_SO:VSSOP-8_2.3x2mm_P0.5mm","http://www.ti.com/lit/sg/scyt129e/scyt129e.pdf"
